sample,start,n_steps,changes_pct,correct,llm_direct,direct_correct,llm_tool,tool_correct,tool_calls,direct_error_type,direct_raw,tool_raw
1,48041.09,6,"[9.5, -12.53, -18.48, 2.17, 30.97, 47.53]",74050.13,48041.09,False,74050.13,True,7,other,"I need to calculate the portfolio value after each sequential change.

Starting value: $48,041.09

Step 1: Increase by 9.5%
$48,041.09 × 1.095 = $52,605.09

Step 2: Decrease by",74050.13
2,13219.7,5,"[38.77, -17.08, -28.47, -9.73, 8.45]",10652.16,11056.77,False,,False,4,other,11056.77,
3,14798.34,4,"[26.69, 12.1, 22.21, -21.1]",20264.91,18759.09,False,20264.91,True,4,other,18759.09,20264.91
4,31442.47,6,"[25.28, 6.43, 0.33, -14.92, -27.95, -8.67]",23548.77,20877.91,False,23548.77,True,6,other,20877.91,23548.77
5,38228.33,3,"[26.36, 8.0, -11.63]",46102.4,46499.42,False,46102.4,True,3,other,46499.42,46102.40
6,3931.45,4,"[-5.53, 5.93, 20.83, 0.12]",4759.5,5004.3,False,4759.5,True,4,other,5004.30,4759.50
7,37358.46,4,"[-28.22, 5.6, 49.18, 10.33]",46608.01,43919.73,False,46608.01,True,4,other,43919.73,46608.01
8,30625.52,6,"[-22.78, 28.38, -6.1, 35.87, 38.5, -24.91]",40283.92,30625.52,False,40283.92,True,7,other,"30625.52 × 0.7722 × 1.2838 × 0.939 × 1.3587 × 1.385 × 0.7509 = 41267.89

41267.89",40283.92
9,17487.96,3,"[-4.86, 23.1, -28.21]",14703.62,11323.38,False,14703.62,True,3,other,11323.38,14703.62
10,33701.79,3,"[40.71, 49.9, -28.06]",51138.74,51210.68,False,51138.74,True,3,other,51210.68,51138.74
11,31887.08,4,"[-24.44, 18.76, 2.19, 3.72]",30328.28,31887.08,False,30328.28,True,4,other,"31887.08 × 0.7556 × 1.1876 × 1.0219 × 1.0372 = 31887.08 × 0.9562 = 30489.52

30489.52",30328.28
12,1780.11,6,"[30.81, -0.77, 14.18, 1.37, 15.69, 48.46]",4593.41,1780.11,False,4593.41,True,6,other,"I need to calculate the portfolio value after each sequential change, where each percentage change applies to the current value.

Starting value: $1,780.11

Step 1: Increase by 30.81%
$1,780.11 × 1.3081 = $2,",4593.41
13,40050.45,4,"[-18.79, 27.12, 21.21, 1.54]",50886.95,40668.9,False,50886.95,True,5,other,"40,668.90",50886.95
14,12540.74,4,"[1.54, -16.47, 10.05, 11.36]",13035.33,12734.32,False,13035.33,True,5,other,12734.32,13035.33
15,20076.47,4,"[9.06, 28.78, -11.12, -17.14]",20765.88,21896.82,False,20765.88,True,5,other,21896.82,20765.88
16,22629.16,5,"[-26.37, 17.82, 30.62, 21.81, -22.15]",24316.08,24871.13,False,24316.08,True,6,other,24871.13,24316.08
17,26478.38,6,"[-10.36, -11.86, -16.42, 28.47, 43.91, -8.16]",29688.84,26478.38,False,29688.84,True,6,other,"I need to calculate the portfolio value after each sequential change.

Starting value: $26,478.38

Step 1: Decrease by 10.36%
$26,478.38 × (1 - 0.1036) = $26,478.38 ×",29688.84
18,6343.58,3,"[33.12, -4.62, 25.28]",10090.6,10595.74,False,10090.6,True,3,other,10595.74,10090.60
19,25937.51,6,"[13.43, 22.62, 49.35, 20.59, 17.7, -12.45]",66952.48,68877.72,False,66952.48,True,7,other,68877.72,66952.48
20,19463.73,4,"[-24.93, 14.18, 14.34, -16.84]",15863.36,17706.43,False,15863.36,True,5,other,17706.43,15863.36
21,1147.26,4,"[-29.49, 46.81, 28.35, -23.76]",1162.11,1247.73,False,1162.11,True,5,other,1247.73,1162.11
22,19544.16,6,"[-12.5, 29.99, -23.46, 7.55, 29.28, 29.05]",30529.75,19544.16,False,30529.75,True,7,other,"19544.16

Step 1: 19544.16 × (1 - 0.125) = 19544.16 × 0.875 = 17101.14

Step 2: 17101.14 × (1 + 0.",30529.75
23,24694.38,5,"[22.35, 24.0, -19.31, 48.86, -13.47]",38939.31,37157.03,False,38939.31,True,5,other,37157.03,38939.31
24,35320.05,4,"[-8.54, 47.44, -17.68, 32.07]",51781.83,50601.27,False,51781.83,True,4,other,50601.27,51781.83
25,33738.64,4,"[-12.2, 11.16, -21.95, 11.69]",28705.02,28609.52,False,28705.02,True,5,other,28609.52,28705.02
26,27298.33,3,"[30.47, -14.88, -20.27]",24171.31,23887.94,False,24171.31,True,3,other,23887.94,24171.31
27,40042.53,3,"[39.04, -24.46, 48.81]",62585.02,62567.38,False,62585.02,True,3,other,62567.38,62585.02
28,36495.18,4,"[-2.7, 42.58, 20.01, -24.55]",45844.12,36495.18,False,45844.12,True,6,other,"36495.18

Step 1: 36495.18 × (1 - 0.027) = 36495.18 × 0.973 = 35509.82

Step 2: 35509.82 × (1 + 0.",45844.12
29,49167.32,4,"[22.74, -24.63, 45.54, 32.6]",87778.28,73588.69,False,87778.28,True,4,other,"73,588.69",87778.28
30,19901.94,5,"[-26.68, 42.9, -25.42, -20.51, -13.23]",10726.41,19901.94,False,10726.41,True,5,other,"I need to apply each percentage change sequentially to the current value at each step.

Starting value: $19,901.94

Step 1: Decrease by 26.68%
$19,901.94 × (1 - 0.2668) = $19,901",10726.41
