sample,income,correct_tax,llm_direct,direct_correct,llm_tool,tool_correct,tool_calls,direct_raw,tool_raw
1,45711.37,5253.36,5222.36,False,5253.36,True,4,5222.36,5253.36
2,164287.49,32471.5,32674.65,False,32471.5,True,10,32674.65,32471.50
3,65314.63,9422.22,10494.21,False,9422.22,True,7,10494.21,9422.22
4,101084.23,17302.72,18276.06,False,17302.72,True,10,18276.06,17302.72
5,34198.85,3871.86,3863.86,False,3871.86,True,4,3863.86,3871.86
6,80035.28,12660.76,13467.76,False,12660.76,True,7,13467.76,12660.76
7,131820.4,24679.4,24504.89,False,24679.4,True,10,24504.89,24679.40
8,95562.36,16076.72,17762.74,False,16076.72,True,7,17762.74,16076.72
9,38309.51,4365.14,4405.14,False,4365.14,True,3,4405.14,4365.14
10,27680.46,3089.66,2076.05,False,3089.66,True,4,2076.05,3089.66
11,30472.35,3424.68,3394.68,False,3424.68,True,4,3394.68,3424.68
12,43283.97,4962.08,5074.45,False,4962.08,True,4,5074.45,4962.08
13,91769.11,15242.2,16717.59,False,15242.2,True,7,16717.59,15242.20
14,33156.35,3746.76,3778.77,False,3746.76,True,4,3778.77,3746.76
15,146536.41,28211.24,26836.74,False,28211.24,True,10,26836.74,28211.24
16,117597.21,21265.83,22959.33,False,21265.83,True,10,22959.33,21265.83
17,50551.49,6174.33,6903.31,False,6174.33,True,7,6903.31,6174.33
18,76923.03,11976.07,13435.06,False,11976.07,True,7,13435.06,11976.07
19,245123.74,56168.06,56667.34,False,56126.1,False,14,56667.34,56126.10
20,26086.1,2898.33,1898.32,False,2898.33,True,4,1898.32,2898.33
21,20009.9,2169.19,1161.19,False,2169.19,True,4,1161.19,2169.19
22,79521.88,12547.81,13486.81,False,12547.81,True,7,13486.81,12547.81
23,83822.66,13493.99,14743.98,False,13493.99,True,7,14743.98,13493.99
24,138589.54,26303.99,26551.63,False,26303.41,True,7,26551.63,26303.41
25,39359.67,4491.16,4451.16,False,4491.16,True,4,4451.16,4491.16
26,143093.77,27385.0,26867.25,False,27385.0,True,10,26867.25,27385.00
27,210766.68,45131.84,46766.47,False,45131.84,True,13,46766.47,45131.84
28,79361.21,12512.47,13513.46,False,12512.47,True,7,13513.46,12512.47
29,221147.97,48453.85,47879.51,False,46118.01,False,10,47879.51,46118.01
30,204404.02,43095.79,42468.93,False,43095.79,True,13,42468.93,43095.79
7,10982.95,10421.96
