sample,principal,annual_rate_pct,years,n,python_answer,llm_direct_answer,llm_direct_correct,llm_tool_answer,llm_tool_correct,tool_calls_made,llm_direct_raw,llm_tool_raw
1,1452.91,16.08,11,12,8420.1,8218.47,False,8420.1,True,5,8218.47,8420.10
2,312.42,4.81,17,12,706.56,693.24,False,706.56,True,5,693.24,706.56
3,3294.91,2.8,24,12,6446.88,6477.89,False,6446.88,True,5,6477.89,6446.88
4,1670.72,2.29,15,12,2354.73,2313.88,False,2354.73,True,5,2313.88,2354.73
5,776.56,10.11,5,12,1284.67,1276.03,False,1284.67,True,5,1276.03,1284.67
6,1503.55,9.25,12,12,4542.93,4527.64,False,4542.93,True,5,4527.64,4542.93
7,5655.13,8.43,6,12,9361.4,9406.92,False,9361.4,True,5,9406.92,9361.40
8,2597.95,12.26,30,12,100893.07,94651.28,False,100893.07,True,5,94651.28,100893.07
9,9280.32,19.74,29,12,2713301.04,3188785.67,False,2713301.04,True,5,3188785.67,2713301.04
10,420.99,17.48,22,12,19157.88,14358.18,False,19157.88,True,5,14358.18,19157.88
11,584.74,18.82,26,12,75086.27,64727.43,False,75086.27,True,5,64727.43,75086.27
12,1048.66,17.08,7,12,3437.29,3360.0,False,3437.29,True,5,3360.00,3437.29
13,5797.54,5.01,3,12,6735.69,6736.28,False,6735.69,True,5,6736.28,6735.69
14,5170.31,12.91,27,12,165672.99,140628.47,False,165672.99,True,5,140628.47,165672.99
15,8998.82,6.56,5,12,12480.91,12436.63,False,12480.91,True,5,12436.63,12480.91
16,241.69,10.69,28,12,4758.09,4157.63,False,4758.09,True,5,4157.63,4758.09
17,2246.41,4.8,10,12,3626.89,3644.33,False,3626.89,True,5,3644.33,3626.89
18,2385.8,11.94,10,12,7827.42,7649.23,False,7827.42,True,5,7649.23,7827.42
19,6746.88,16.85,10,12,35958.29,35294.72,False,35958.29,True,5,35294.72,35958.29
20,9199.01,16.42,30,12,1226228.08,1010249.67,False,1226228.08,True,5,1010249.67,1226228.08
21,2484.46,4.57,2,12,2721.77,2721.85,False,2721.77,True,5,2721.85,2721.77
22,6847.2,13.09,22,12,120066.55,78504.67,False,120066.55,True,5,78504.67,120066.55
23,1524.8,4.23,15,12,2872.69,2807.84,False,2872.69,True,5,2807.84,2872.69
24,982.86,15.25,26,12,50538.15,37206.24,False,50538.15,True,5,37206.24,50538.15
25,8864.08,12.86,4,12,14785.85,14426.88,False,14785.85,True,5,14426.88,14785.85
26,7786.89,7.55,18,12,30180.14,29476.32,False,30180.14,True,5,29476.32,30180.14
27,207.43,4.76,19,12,511.53,516.45,False,511.53,True,5,516.45,511.53
28,6193.55,15.03,30,12,547030.42,559046.67,False,547030.42,True,5,559046.67,547030.42
29,9924.06,15.12,22,12,270583.35,269585.47,False,270583.35,True,5,269585.47,270583.35
30,9028.78,1.62,28,12,14206.67,14365.08,False,14206.67,True,5,14365.08,14206.67
